kota_administrasi,kecamatan,kelurahan,rw,jumlah_terdampak_rw,jumlah_terdampak_rt,jumlah_terdampak_jiwa,lama_genangan,jumlah_meninggal,jumlah_hilang,jumlah_luka_berat,jumlah_luka_ringan,jumlah_pengungsi_tertinggi,jumlah_tempat_pengungsian,nilai_kerugian,ketinggian_air_min(cm),ketinggian_air_max(cm),jumlah_kejadian,jumlah_terdampak_kk,tanggal_kejadian
Jakarta Pusat,JOHAR BARU,JOHAR BARU,"RW 01, 02, 06, 08",4,4,140,0,0,0,0,140,1,0,0,10,30,1,35, 01 Januari
Jakarta Pusat,KEMAYORAN,GUNUNG SAHARI SELATAN,"RW 01, 02, 07, 08",4,4,0,0,0,0,0,0,0,0,0,10,70,1,0, 01 Januari
Jakarta Pusat,KEMAYORAN,SERDANG,"RW 01, 02, 06, 07",4,4,0,1,0,0,0,0,0,0,0,10,30,1,0, 01 Januari
Jakarta Pusat,SAWAH BESAR,PASAR BARU,"RW 02, 03, 04, 05, 06, 07, 08",7,7,625,0,0,0,0,625,5,0,0,10,70,1,155, 01 Januari
Jakarta Pusat,TANAH ABANG,BENDUNGAN HILIR,"RW 07, 09",2,2,195,0,0,0,0,195,6,0,0,31,70,1,52, 01 Januari
Jakarta Pusat,TANAH ABANG,KARET TENGSIN,"RW 02, 03, 04, 05, 06, 07, 09, 11",8,31,2078,0,0,0,0,2078,8,0,0,71,150,1,535, 01 Januari
Jakarta Pusat,TANAH ABANG,PETAMBURAN,"RW 02, 03",2,2,0,1,0,0,0,0,0,0,0,40,60,1,0, 18 Januari 
Jakarta Utara,CILINCING,CILINCING,"RW 05, 06, 09",3,21,1121,0,0,0,0,1121,14,0,0,10,35,1,280, 01 Januari
Jakarta Utara,CILINCING,MARUNDA,RW 04,1,1,0,0,0,0,0,0,0,0,0,10,30,1,0, 01 Januari
Jakarta Utara,CILINCING,ROROTAN,"RW 01, 02, 03, 04, 05",5,5,150,1,0,0,0,338,3,0,0,10,150,2,36," 01, 24 Januari"
Jakarta Utara,CILINCING,SEMPER BARAT,"RW 01, 02, 04, 05, 16",5,5,574,0,0,0,0,574,7,0,0,10,70,1,143, 01 Januari
Jakarta Utara,CILINCING,SEMPER TIMUR,"RW 02, 03, 10, 11",4,6,120,0,0,0,0,120,4,0,0,10,150,1,30, 01 Januari
Jakarta Utara,CILINCING,SUKA PURA,"RW 02, 03, 04, 05, 06, 07, 09, 10, 12",9,9,278,0,0,0,0,278,2,0,0,10,150,1,70, 01 Januari
Jakarta Utara,KELAPA GADING,KELAPA GADING BARAT,"RW 02, 03, 06, 11, 12",5,5,0,0,0,0,0,0,0,0,0,10,30,1,0, 01 Januari
Jakarta Utara,KELAPA GADING,KELAPA GADING TIMUR,"RW 15, 16",2,2,100,0,0,0,0,100,2,0,0,10,30,1,25, 01 Januari
Jakarta Utara,KELAPA GADING,PEGANGSAAN DUA,"RW 02, 03, 04, 08, 09, 10, 11",7,7,210,0,0,0,0,210,3,0,0,10,70,1,52, 01 Januari
Jakarta Utara,KOJA,TUGU SELATAN,RW. 04,1,1,0,0,0,0,0,0,0,0,0,20,50,1,0, 01 Januari 
Jakarta Utara,PENJARINGAN,KAPUK MUARA,"RW. 01, 02, 03, 04, 05, 09",6,6,0,0,0,0,0,0,0,0,0,20,40,1,0, 01 Januari
Jakarta Utara,PENJARINGAN,PEJAGALAN,"RW 08, 09, 10, 12, 13, 14, 15",7,7,1168,0,0,0,0,1168,10,0,0,10,150,1,292, 01 Januari
Jakarta Utara,PENJARINGAN,PENJARINGAN,RW 17,1,1,0,0,0,0,0,0,0,0,0,10,30,1,0, 01 Januari
Jakarta Utara,PENJARINGAN,PLUIT,"RW 01, 11, 22",3,3,0,0,0,0,0,0,0,0,0,15,70,5,0," 24, 27, 28, 30, 31  Januari"
Jakarta Utara,PADEMANGAN,ANCOL,"RW 02, 05, 08, 10",4,4,0,0,0,0,0,0,0,0,0,10,30,1,0, 24 Januari
Jakarta Barat,CENGKARENG,CENGKARENG BARAT,"RW 01, 03, 05, 06, 07, 09, 10, 11, 14",9,9,2220,0,0,0,0,2220,20,0,0,31,70,2,550," 01, 24 Januari"
Jakarta Barat,CENGKARENG,CENGKARENG TIMUR,"RW 02, 03, 04, 05, 06, 12, 13, 14, 16",9,9,362,1,0,0,0,362,6,0,0,10,70,1,90, 01 Januari
Jakarta Barat,CENGKARENG,DURI KOSAMBI,"RW 01, 02, 03, 04, 05, 06, 07,08, 09, 10, 11, 12, 13, 14, 15",15,15,1230,1,0,0,0,1230,8,0,0,71,150,1,307, 01 Januari
Jakarta Barat,CENGKARENG,KAPUK,"RW 02, 03, 04, 05, 06, 07, 08, 09, 10, 12, 13, 15 ,16",13,13,4461,1,0,0,0,4461,9,0,0,31,70,2,1115," 01, 24 Januari"
Jakarta Barat,CENGKARENG,KEDAUNG KALI ANGKE,"RW 01, 02, 03, 04, 05, 06, 07, 08",8,8,2804,0,0,0,0,2804,31,0,0,31,70,1,701, 01 Januari
Jakarta Barat,CENGKARENG,RAWA BUAYA,"RW 01, 02, 03, 04, 11, 12",6,6,2133,0,0,0,0,2133,7,0,0,31,70,1,533, 01 Januari
Jakarta Barat,GROGOL PETAMBURAN,JELAMBAR BARU,"RW 01, 02, 03, 04, 05, 06, 07, 08, 09, 10, 11, 12, 13",13,13,60,0,0,0,0,60,1,0,0,31,70,1,15, 01 Januari
Jakarta Barat,GROGOL PETAMBURAN,TANJUNG DUREN UTARA,"RW 01, 02, 04, 05, 07",5,5,85,0,0,0,0,85,3,0,0,10,150,1,21, 01 Januari
Jakarta Barat,GROGOL PETAMBURAN,TOMANG,RW 14,1,1,24,0,0,0,0,24,1,0,0,31,70,1,6, 01 Januari
Jakarta Barat,GROGOL PETAMBURAN,WIJAYA KUSUMA,"RW 01, 02, 03, 04, 05, 07, 08, 09",8,8,208,0,0,0,0,208,3,0,0,31,70,1,52, 01 Januari 
Jakarta Barat,KALIDERES,KALIDERES,"RW 04, 05, 06, 07, 08, 09, 10, 11, 12, 13, 16, 17",12,12,147,0,0,0,0,147,1,0,0,31,70,1,37, 01 Januari
Jakarta Barat,KALIDERES,KAMAL,"RW 01, 02, 03, 04, 07, 08, 09",7,7,0,0,0,0,0,0,0,0,0,10,70,1,0, 01 Januari
Jakarta Barat,KALIDERES,PEGADUNGAN,"RW 01, 03, 04, 06, 11",5,5,0,0,0,0,0,0,0,0,0,10,70,1,0, 01 Januari
Jakarta Barat,KALIDERES,SEMANAN,"RW 01, 03, 04, 07, 10",5,5,2112,1,0,0,0,2112,18,0,0,31,200,1,528, 01 Januari
Jakarta Barat,KALIDERES,TEGAL ALUR,"RW 03, 04, 11, 12, 15",5,5,1208,0,0,0,0,1208,10,0,0,31,150,1,302, 01 Januari
Jakarta Barat,KEBON JERUK,DURI KEPA,"'RW 02, 03, 04, 05, 09, 13, 14",7,7,130,0,0,0,0,130,4,0,0,31,70,1,60, 01 Januari
Jakarta Barat,KEBON JERUK,KEDOYA SELATAN,"RW 01, 04, 05",3,3,36,0,0,0,0,36,1,0,0,10,150,2,9," 01, 27 Januari"
Jakarta Barat,KEBON JERUK,KEDOYA UTARA,"RW 02, 04, 05",3,3,1238,0,0,0,0,1238,15,0,0,31,100,1,309, 01 Januari
Jakarta Barat,KEBON JERUK,SUKABUMI UTARA,"RW 01, 03, 04, 07, 08, 10, 11",7,7,0,0,0,0,0,0,0,0,0,10,140,2,0," 01, 18 Januari"
Jakarta Barat,KEBON JERUK,SUKABUMI SELATAN,"RW 01, 02, 04, 08",4,7,0,0,0,0,0,0,0,0,0,30,100,1,0, 18 Januari
Jakarta Barat,KEBON JERUK,KELAPA DUA ,RW 04,1,1,0,0,0,0,0,0,0,0,0,60,60,1,0, 18 Januari
Jakarta Barat,KEMBANGAN,JOGLO,"RW 02, 06",2,2,0,0,0,0,0,0,0,0,0,31,150,1,0, 01 Januari
Jakarta Barat,KEMBANGAN,KEMBANGAN SELATAN,"RW 01, 02, 03, 04, 05, 06, 08, 09",8,8,710,0,0,0,0,710,6,0,0,31,120,2,177," 01, 27 Januari"
Jakarta Barat,KEMBANGAN,KEMBANGAN UTARA,"RW 01, 02, 03, 04, 05, 06, 08, 10, 11",9,9,961,0,0,0,0,961,7,0,0,30,90,2,240," 01, 18 Januari"
Jakarta Barat,KEMBANGAN,MERUYA SELATAN,RW 07,1,1,0,0,0,0,0,0,0,0,0,80,80,1,0, 01 Januari
Jakarta Barat,KEMBANGAN,MERUYA UTARA,"RW 05, 06",2,2,0,0,0,0,0,0,0,0,0,31,70,1,0, 01 Januari
Jakarta Barat,KEMBANGAN,SRENGSENG,"RW 05, 07",2,2,15,0,0,0,0,15,1,0,0,71,150,1,4, 01 Januari
Jakarta Barat,PALMERAH,JATI PULO,"RW 01, 02, 03, 05, 09",5,5,0,0,0,0,0,0,0,0,0,10,30,2,0," 01, 18 Januari"
Jakarta Barat,PALMERAH,KEMANGGISAN,"RW  02, 03, 04, 05, 06, 08",6,6,0,0,0,0,0,0,0,0,0,31,150,2,0," 01, 18 Januari"
Jakarta Barat,PALMERAH,KOTA BAMBU SELATAN,RW 01,1,1,0,0,0,0,0,0,0,0,0,31,150,1,0, 01 Januari
Jakarta Barat,PALMERAH,KOTA BAMBU UTARA,"RW 02, 03, 04, 08, 09",5,5,0,0,0,0,0,0,0,0,0,10,70,2,0," 01, 18 Januari"
Jakarta Barat,PALMERAH,PALMERAH,"RW 03, 12, 13, 15",4,4,0,1,0,0,0,0,0,0,0,31,70,2,0," 01, 18 Januari"
Jakarta Barat,PALMERAH,SLIPI,"RW 03, 04, 05",3,3,0,0,0,0,0,0,0,0,0,31,70,1,0, 01 Januari
Jakarta Selatan,CILANDAK,CILANDAK BARAT,"RW 02, 12",2,2,300,0,0,0,0,300,2,0,0,71,180,1,75, 01 Januari
Jakarta Selatan,CILANDAK,CIPETE SELATAN,RW 07,1,1,65,0,0,0,0,65,2,0,0,10,30,1,16, 01 Januari
Jakarta Selatan,CILANDAK,LEBAK BULUS,"RW 04, 08",2,2,91,0,0,0,0,91,1,0,0,31,70,3,23," 01, 24, 26  Januari"
Jakarta Selatan,CILANDAK,PONDOK LABU,"RW 01, 02, 03, 07, 09, 10",6,6,134,0,0,0,0,134,5,0,0,31,70,2,33," 01, 26 Januari"
Jakarta Selatan,JAGAKARSA,JAGAKARSA,"RW 02, 04",2,2,235,0,0,0,0,235,1,0,0,31,70,1,87, 01 Januari
Jakarta Selatan,JAGAKARSA,TANJUNG BARAT,"RW 01, 04, 05",3,3,0,0,0,0,0,0,0,0,0,31,70,1,0, 01 Januari
Jakarta Selatan,JAGAKARSA,CIGANJUR,"RW. 01,05,06",3,5,150,0,0,0,0,150,3,0,0,30,100,1,37, 01 Januari
Jakarta Selatan,JAGAKARSA,SRENGSENG SAWAH,RW.08 ,1,1,372,0,0,0,0,372,8,0,0,10,30,1,91, 01 Januari
Jakarta Selatan,JAGAKARSA,LENTENG AGUNG,"RW. 01,02,03,07",4,4,507,0,0,0,0,507,4,0,0,10,30,1,122, 01 Januari
Jakarta Selatan,JAGAKARSA,CIPEDAK,RW.01,1,1,175,0,0,0,0,175,1,0,0,10,30,1,43, 01 Januari
Jakarta Selatan,KEBAYORAN BARU,GUNUNG,"RW 01, 06",2,2,40,0,0,0,0,40,1,0,0,71,150,1,10, 01 Januari
Jakarta Selatan,KEBAYORAN BARU,KRAMAT PELA,"RW 02, 09, 10",3,22,52,0,0,0,0,52,1,0,0,71,150,2,13," 01, 18 Januari"
Jakarta Selatan,KEBAYORAN BARU,PETOGOGAN,"RW 01, 02, 03",3,3,0,0,0,0,0,0,0,0,0,71,150,2,0," 01, 18 Januari"
Jakarta Selatan,KEBAYORAN BARU,PULO,"RW 03, 07",2,2,16,0,0,0,0,16,1,0,0,30,150,1,4, 01 Januari
Jakarta Selatan,KEBAYORAN BARU,RAWA BARAT,RW 05,1,1,99,0,0,0,0,99,1,0,0,71,150,1,24, 01 Januari
Jakarta Selatan,KEBAYORAN BARU,CIPETE UTARA,"RW.01,02,03,04,06,07,09,13",8,8,231,0,0,0,0,231,3,0,0,10,70,1,57, 01 Januari
Jakarta Selatan,KEBAYORAN LAMA,CIPULIR,"RW 05, 06, 07, 08, 09, 10",6,6,675,0,0,0,0,675,5,0,0,30,150,1,170, 01 Januari
Jakarta Selatan,KEBAYORAN LAMA,GROGOL SELATAN,"RW 05, 06",2,2,250,0,0,0,0,250,1,0,0,31,70,2,62," 01, 18 Januari"
Jakarta Selatan,KEBAYORAN LAMA,GROGOL UTARA,"RW. 04, 05, 14",3,13,0,0,0,0,0,0,0,0,0,20,60,2,0," 01, 18 Januari"
Jakarta Selatan,KEBAYORAN LAMA,KEBAYORAN LAMA SELATAN,RW 10,1,1,55,0,0,0,0,55,2,0,0,71,150,1,24, 01 Januari
Jakarta Selatan,KEBAYORAN LAMA,KEBAYORAN LAMA UTARA,RW 11,1,1,700,0,0,0,0,700,1,0,0,31,70,1,175, 01 Januari
Jakarta Selatan,KEBAYORAN LAMA,PONDOK PINANG,"RW 05, 08",2,2,962,0,0,0,0,962,3,0,0,31,150,1,240, 01 Januari
Jakarta Selatan,MAMPANG PRAPATAN,BANGKA,"RW 01, 02, 03, 04",4,4,1041,0,0,0,0,1041,5,0,0,31,150,1,260, 01 Januari
Jakarta Selatan,MAMPANG PRAPATAN,KUNINGAN BARAT,"RW 01, 02, 03, 04, 05",5,5,816,0,0,0,0,816,8,0,0,71,150,1,50, 01 Januari
Jakarta Selatan,MAMPANG PRAPATAN,MAMPANG PRAPATAN,"RW 04, 06",2,2,797,0,0,0,0,797,4,0,0,31,150,1,200, 01 Januari
Jakarta Selatan,MAMPANG PRAPATAN,PELA MAMPANG,"RW 04, 06, 09, 11",4,4,1099,0,0,0,0,1099,5,0,0,10,150,1,274, 01 Januari
Jakarta Selatan,MAMPANG PRAPATAN,TEGAL PARANG,"RW 03, 04, 05, 06, 07",5,5,1058,0,0,0,0,1058,6,0,0,31,150,1,264, 01 Januari
Jakarta Selatan,PANCORAN,CIKOKO,RW 01,1,1,147,0,0,0,0,147,1,0,0,71,150,1,36, 01 Januari
Jakarta Selatan,PANCORAN,KALIBATA,"RW 01, 04, 05, 06, 08, 09, 10",7,7,3615,0,0,0,0,3615,3,0,0,31,200,1,885, 01 Januari
Jakarta Selatan,PANCORAN,PANCORAN,"RW 03, 04",2,2,335,0,0,0,0,335,4,0,0,10,30,1,83, 01 Januari
Jakarta Selatan,PANCORAN,PENGADEGAN,"RW 01, 02",2,2,1540,0,0,0,0,1540,5,0,0,71,200,2,385," 01, 09 Januari "
Jakarta Selatan,PANCORAN,RAWAJATI,"RW 03, 07",2,2,405,0,0,0,0,405,5,0,0,10,70,3,101," 01, 09, 18 Januari "
Jakarta Selatan,PANCORAN,DUREN TIGA,"RW 01,02,05",3,3,345,0,0,0,0,345,2,0,0,10,30,2,86," 01, 18 Januari"
Jakarta Selatan,PASAR MINGGU,CILANDAK TIMUR,"RW 01, 03",2,2,440,0,0,0,0,440,5,0,0,71,175,1,110, 01 Januari
Jakarta Selatan,PASAR MINGGU,JATI PADANG,"RW 01, 02, 03, 04, 05, 06, 07, 08, 09, 010",10,38,781,0,0,0,0,781,9,0,0,31,70,1,198, 01 Januari
Jakarta Selatan,PASAR MINGGU,KEBAGUSAN,"RW 01, 02, 03, 04, 05, 06, 07",7,7,185,0,0,0,0,185,5,0,0,120,120,1,46, 01 Januari
Jakarta Selatan,PASAR MINGGU,PEJATEN TIMUR,"RW 05, 06, 07, 08",4,4,0,0,0,0,0,0,0,0,0,31,200,2,0," 01, 09 Januari "
Jakarta Selatan,PASAR MINGGU,PEJATEN BARAT,RW 08,1,1,0,0,0,0,0,0,0,0,0,60,80,1,0, 24 Januari
Jakarta Selatan,PESANGGRAHAN,BINTARO,"RW 04, 05, 12",3,3,596,0,0,0,0,150,2,0,0,71,150,2,149," 01, 27 Januari"
Jakarta Selatan,PESANGGRAHAN,PETUKANGAN UTARA,RW 04,1,1,150,0,0,0,0,240,2,0,0,71,150,2,38," 01, 27 Januari"
Jakarta Selatan,PESANGGRAHAN,ULUJAMI,"RW 01, 02, 05, 07, 08",5,5,321,0,0,0,0,321,9,0,0,71,200,2,80," 01, 18 Januari"
Jakarta Selatan,PESANGGRAHAN,PETUKANGAN SELATAN,RW 06,1,1,0,0,0,0,0,0,0,0,0,60,80,1,0,18 Januari
Jakarta Selatan,SETIABUDI,GUNTUR,RW 06,1,1,25,0,0,0,0,25,2,0,0,31,70,1,6, 01 Januari
Jakarta Selatan,SETIABUDI,KARET SEMANGGI,"RW 02, 03,04,08",4,4,325,0,0,0,0,325,1,0,0,71,150,1,82, 01 Januari
Jakarta Selatan,SETIABUDI,KUNINGAN TIMUR,RW.05,1,1,269,0,0,0,0,269,2,0,0,31,70,1,67, 01 Januari
Jakarta Selatan,TEBET,MANGGARAI,"RW 01, 02, 04, 05, 10, 11",6,6,256,0,0,0,0,256,5,0,0,31,150,1,67, 01 Januari
Jakarta Selatan,TEBET,MANGGARAI SELATAN,RW 02,1,1,0,0,0,0,0,0,0,0,0,71,150,1,0, 01 Januari
Jakarta Selatan,TEBET,BUKIT DURI,"RW 04, 10, 11, 12",4,4,228,1,0,0,0,228,1,0,0,71,200,2,71," 01, 24 Januari"
Jakarta Selatan,TEBET,KEBON BARU,"RW 01, 02, 04, 08, 09, 10",6,6,1750,0,0,0,0,1750,6,0,0,15,100,1,437, 01 Januari
Jakarta Timur,CAKUNG,CAKUNG BARAT,"RW 01, 03, 06, 07, 08",5,7,850,0,0,0,0,850,3,0,0,31,150,1,212, 01 Januari
Jakarta Timur,CAKUNG,CAKUNG TIMUR,"RW 01, 02, 03, 04, 05, 06, 07, 08, 09, 10, 11, 12",12,12,658,0,0,0,0,658,0,0,0,10,70,1,160, 02 Januari
Jakarta Timur,CAKUNG,PENGGILINGAN,"RW 04, 06, 07",3,3,0,0,0,0,0,0,0,0,0,10,30,1,0, 01 Januari
Jakarta Timur,CAKUNG,RAWA TERATE,"RW 04, 05",2,3,195,0,0,0,0,195,0,0,0,10,200,3,48," 01 , 23, 24 Januari"
Jakarta Timur,CAKUNG,UJUNG MENTENG,RW 01,1,3,70,0,0,0,0,0,0,0,0,31,70,1,23, 01 Januari
Jakarta Timur,CAKUNG,JATINEGARA,"RW. 02,03,05,06,07,09,010,12,13,14",10,10,150,0,0,0,0,150,0,0,0,10,30,1,38, 01 Januari
Jakarta Timur,CIPAYUNG,BAMBU APUS,"RW 01, 02, 03, 05",4,9,48,0,0,0,0,48,2,0,0,31,150,1,12, 01 Januari
Jakarta Timur,CIPAYUNG,CEGER,"RW 01,02,05",3,3,80,0,0,0,0,80,1,0,0,31,70,1,20, 01 Januari
Jakarta Timur,CIPAYUNG,CIPAYUNG,"RW 03, 04, 06, 07",4,7,190,0,0,0,0,0,0,0,0,31,150,1,64, 01 Januari
Jakarta Timur,CIPAYUNG,LUBANG BUAYA,"RW 03, 12",2,5,0,0,0,0,0,0,0,0,0,71,150,1,0, 01 Januari
Jakarta Timur,CIPAYUNG,SETU,"RW 01, 02, 03, 04, 05",5,10,47,0,0,0,0,47,1,0,0,71,150,1,25, 01 Januari
Jakarta Timur,CIRACAS,CIBUBUR,"RW 03, 12, 14",3,3,20,0,0,0,0,0,0,0,0,10,70,2,5," 01, 26 Januari"
Jakarta Timur,CIRACAS,KELAPA DUA WETAN,"RW 01, 02, 08, 09, 10, 11",6,10,335,0,0,0,0,0,0,0,0,10,150,1,105, 01 Januari
Jakarta Timur,CIRACAS,RAMBUTAN,"RW 02, 03, 04, 05",4,4,65,0,0,0,0,65,0,0,0,31,200,1,15, 01 Januari
Jakarta Timur,CIRACAS,SUSUKAN,RW.05,1,7,1868,0,0,0,0,60,2,0,0,20,70,5,467, 01 Januari s/d 05 Januari
Jakarta Timur,DUREN SAWIT,KLENDER,"RW 01, 02, 03, 04, 07, 09, 10, 11, 15, 16",10,32,470,0,0,0,0,470,3,0,0,10,150,1,118, 01 Januari
Jakarta Timur,DUREN SAWIT,MALAKA JAYA,RW 01,1,1,220,0,0,0,0,0,0,0,0,71,150,1,55, 01 Januari
Jakarta Timur,DUREN SAWIT,PONDOK BAMBU,RW 07,1,1,274,1,0,0,0,274,3,0,0,31,150,1,69, 01 Januari
Jakarta Timur,DUREN SAWIT,PONDOK KELAPA,"RW 05, 06, 08, 09, 10",5,16,465,0,0,0,0,465,7,0,0,71,170,1,116, 01 Januari
Jakarta Timur,DUREN SAWIT,PONDOK KOPI,"RW 03, 04",2,3,220,0,0,0,0,0,0,0,0,10,30,1,90, 01 Januari
Jakarta Timur,JATINEGARA,BIDARA CINA,"RW 03, 04, 05, 06, 07, 11, 12, 14, 15, 16",10,36,3577,0,0,0,0,1579,10,0,0,31,200,2,1124," 01, 09 Januari"
Jakarta Timur,JATINEGARA,CIPINANG BESAR SELATAN,"RW 01, 02",2,10,279,0,0,0,0,308,3,0,0,71,150,1,50, 01 Januari
Jakarta Timur,JATINEGARA,CIPINANG MUARA,"RW 02, 04, 11, 12, 13, 15, 16",7,16,932,0,0,0,0,550,2,0,0,10,150,1,536, 01 Januari
Jakarta Timur,JATINEGARA,KAMPUNG MELAYU,"RW 01, 02, 03, 04, 05, 06, 07, 08",8,30,2556,0,0,0,0,1778,8,0,0,10,350,3,802," 01, 09, 18 Januari"
Jakarta Timur,JATINEGARA,RAWA BUNGA,"RW 04, 05, 06",3,29,4560,0,0,0,0,0,0,0,0,31,70,1,1140, 01 Januari
Jakarta Timur,KRAMAT JATI,BALE KAMBANG,"RW 01, 04, 05",3,7,177,0,0,0,0,212,3,0,0,31,150,1,57, 01 Januari
Jakarta Timur,KRAMAT JATI,BATU AMPAR,"RW 01, 02, 04, 05, 06, 07",6,15,24,1,0,0,0,130,3,0,0,31,150,1,6, 01 Januari
Jakarta Timur,KRAMAT JATI,CAWANG,"RW 01, 02, 03, 05, 08, 12",6,6,1500,0,0,0,0,2001,9,0,0,71,200,2,375," 01, 18 Januari"
Jakarta Timur,KRAMAT JATI,CILILITAN,"RW 05, 06, 07, 15, 16",5,5,58,0,0,0,0,58,1,0,0,71,200,1,15, 01 Januari
Jakarta Timur,KRAMAT JATI,DUKUH,"RW 01, 02, 03, 04, 05, 06",6,26,1119,0,0,0,0,566,8,0,0,31,150,2,325," 01, 26 Januari"
Jakarta Timur,KRAMAT JATI,TENGAH,"RW 01, 02, 03, 04, 05, 06, 07, 08, 09, 10",10,10,0,0,0,0,0,2015,0,0,0,10,150,2,0, 02 & 18 Januari
Jakarta Timur,KRAMAT JATI,KRAMAT JATI,"RW 02, 03, 05, 08, 11",5,5,346,0,0,0,0,1839,5,0,0,31,150,2,87," 01, 09 Januari"
Jakarta Timur,MAKASAR,CIPINANG MELAYU,"RW 02, 03, 04, 05, 06, 08, 10,11, 12,13",10,14,2806,2,0,0,0,2738,6,0,0,10,220,4,745," 01, 18, 20, 24  Januari"
Jakarta Timur,MAKASAR,HALIM PERDANA KUSUMA,RW 05,1,2,300,0,0,0,0,1943,5,0,0,71,150,1,75, 01 Januari
Jakarta Timur,MAKASAR,KEBON PALA,"RW 01, 04, 06, 09, 10, 11",6,22,209,0,0,0,0,279,3,0,0,31,70,1,53, 01 Januari
Jakarta Timur,MAKASAR,MAKASAR,"RW 03, 05, 06, 07",4,11,2220,0,0,0,0,1350,11,0,0,31,150,2,556," 01, 18  Januari"
Jakarta Timur,MAKASAR,PINANG RANTI,"RW 01, 04, 05",3,4,120,0,0,0,0,227,5,0,0,31,70,1,31, 01 Januari
Jakarta Timur,MATRAMAN,KEBON MANGGIS,"RW 03, 04",2,9,949,0,0,0,0,537,7,0,0,71,150,1,309, 01 Januari
Jakarta Timur,MATRAMAN,PISANGAN BARU,"RW 12, 14",2,2,1200,0,0,0,0,0,0,0,0,31,70,1,300, 01 Januari
Jakarta Timur,MATRAMAN,UTAN KAYU SELATAN,"RW 01, 03, 05, 07, 12",5,5,0,0,0,0,0,0,0,0,0,31,70,1,0, 01 Januari
Jakarta Timur,PASAR REBO,CIJANTUNG,"RW 01, 07, 19",3,3,207,0,0,0,0,0,0,0,0,31,70,1,103, 01 Januari
Jakarta Timur,PASAR REBO,PEKAYON,"RW 02, 08  ",2,2,0,0,0,0,0,0,0,0,0,10,30,1,0, 01 Januari
Jakarta Timur,PASAR REBO,GEDONG,"RW. 01, 03, 11",3,3,100,0,0,0,0,100,1,0,0,100,150,1,25, 01 Januari
Jakarta Timur,PULOGADUNG,CIPINANG,"RW 01, 07, 12, 13, 14, 15, 16",7,29,2700,0,0,0,0,0,0,0,0,31,70,1,1099, 01 Januari
Jakarta Timur,PULOGADUNG,JATI,RW 08,1,2,84,0,0,0,0,0,0,0,0,31,70,1,21, 01 Januari
Jakarta Timur,PULOGADUNG,KAYU PUTIH,"RW 11, 12, 13, 14, 15, 16",6,6,2310,0,0,0,0,2310,4,0,0,71,150,1,577, 01 Januari
Jakarta Pusat,JOHAR BARU,JOHAR BARU,"rw 05, 09, ",2,2,0,0,0,0,0,0,0,0,0,30,50,2,0,"23, 25  februari"
Jakarta Pusat,JOHAR BARU,KAMPUNG RAWA,rw 06,1,2,0,0,0,0,0,0,0,0,0,20,20,1,0,23 februari
Jakarta Pusat,JOHAR BARU,TANAH TINGGI,rw 05,1,1,0,0,0,0,0,0,0,0,0,30,30,1,0,23 februari
Jakarta Pusat,KEMAYORAN,GUNUNG SAHARI SELATAN,"rw 04, 09, ",2,2,0,0,0,0,0,0,0,0,0,20,100,3,0,"2, 8, 23 februari"
Jakarta Pusat,KEMAYORAN,SERDANG,"rw 06, 01",2,2,0,0,0,0,0,0,0,0,0,30,30,1,0,23 februari
Jakarta Pusat,KEMAYORAN,CEMPAKA BARU,"rw 05, 07",2,7,0,0,0,0,0,0,0,0,0,20,50,2,0,"23, 25  februari"
Jakarta Pusat,KEMAYORAN,KEMAYORAN,rw 08,1,1,0,0,0,0,0,0,0,0,0,20,20,1,0,23 februari
Jakarta Pusat,KEMAYORAN,KEBON KOSONG,"rw 01, 02, 03, 04, 05, 06, 07, 08, 09, 12",10,10,0,0,0,0,0,0,0,0,0,10,50,1,0,25 februari
Jakarta Pusat,KEMAYORAN,SUMUR BATU,rw 07,1,1,0,0,0,0,0,0,0,0,0,10,50,1,0,25 februari
Jakarta Pusat,SAWAH BESAR,PASAR BARU,"rw 03,  04, 05, 06",4,6,0,0,0,0,0,450,1,0,0,10,40,4,0,"8, 21, 22, 23 februari"
Jakarta Pusat,SAWAH BESAR,KARANG ANYAR,rw 06,1,1,0,0,0,0,0,0,0,0,0,20,20,1,0,23 februari
Jakarta Pusat,SAWAH BESAR,MANGGA DUA SELATAN,rw 11,1,1,0,0,0,0,0,0,0,0,0,30,30,1,0,25 februari
Jakarta Pusat,SAWAH BESAR,GUNUNG SAHARI UTARA,"rw 03, 07",2,2,0,0,0,0,0,0,0,0,0,30,30,1,0,25 februari
Jakarta Pusat,TANAH ABANG,BENDUNGAN HILIR,"rw 01, 03, 04, 06, 07",5,12,0,0,0,0,0,0,0,0,0,10,60,3,0,"8, 23, 25  februari"
Jakarta Pusat,TANAH ABANG,KARET TENGSIN,"rw 07, 09, ",2,2,0,0,0,0,0,475,2,0,0,40,80,3,0,"22, 23, 25  februari"
Jakarta Pusat,TANAH ABANG,PETAMBURAN,"rw 03, 09",2,10,0,2,0,0,0,1368,8,0,0,10,120,3,0,"22, 23, 25  februari"
Jakarta Pusat,TANAH ABANG,KEBON MELATI,"rw 07, 16",2,2,0,0,0,0,0,0,0,0,0,35,50,2,0,"23, 25  februari"
Jakarta Pusat,SENEN,KRAMAT,"rw 04, 06, 08",3,3,0,0,0,0,0,0,0,0,0,10,50,3,0,"20, 23, 25  februari"
Jakarta Pusat,SENEN,KENARI,rw 05,1,1,0,0,0,0,0,0,0,0,0,20,20,1,0,23 februari
Jakarta Pusat,MENTENG,KEBON SIRIH,"rw 02, 04, 08",3,3,0,0,0,0,0,50,1,0,0,20,90,2,0,"20, 23 februari"
Jakarta Pusat,MENTENG,MENTENG,"rw 05,  09, 11",3,3,0,0,0,0,0,0,0,0,0,10,60,2,0,"23, 25  februari"
Jakarta Pusat,CEMPAKA PUTIH,RAWASARI,rw 09,1,2,0,0,0,0,0,0,0,0,0,20,30,2,0,"23, 25  februari"
Jakarta Pusat,CEMPAKA PUTIH,CEMPAKA PUTIH TIMUR,"rw 05, 06, 07, 08",4,4,0,0,0,0,0,0,0,0,0,30,30,2,0,"23, 25 februari"
Jakarta Pusat,CEMPAKA PUTIH,CEMPAKA PUTIH BARAT,"rw 03, 08, 12",3,3,0,0,0,0,0,0,0,0,0,20,30,2,0,"08, 25 februari"
Jakarta Pusat,GAMBIR,KEBON KELAPA,"rw 02, ",1,1,0,0,0,0,0,0,0,0,0,20,20,1,0,25 februari
Jakarta Utara,TANJUNG PRIOK,SUNTER JAYA,"rw 02, 04, 12, ",3,3,0,0,0,0,0,0,0,0,0,10,30,2,0,"8, 25  februari"
Jakarta Utara,TANJUNG PRIOK,WARAKAS,"rw 01, 12, 13",3,3,0,0,0,0,0,0,0,0,0,20,20,1,0,8 februari
Jakarta Utara,TANJUNG PRIOK,TANJUNG PRIOK,"rw 02, 07",2,2,0,0,0,0,0,0,0,0,0,10,30,1,0,8 februari
Jakarta Utara,TANJUNG PRIOK,KEBON BAWANG,"rw 02, 07",2,2,0,0,0,0,0,0,0,0,0,10,30,1,0,8 februari
Jakarta Utara,KELAPA GADING,KELAPA GADING BARAT,"rw 02, 03, 06, 11, 12",5,5,0,0,0,0,0,0,0,0,0,10,45,2,0,"8, 23 februari"
Jakarta Utara,KELAPA GADING,KELAPA GADING TIMUR,"rw 01, 04, 05, 06, 08,09, 10, 11, 13, 15, 16, 18, 19, ",13,13,271,0,0,0,0,271,6,0,0,30,40,3,65,"8, 23, 25 februari"
Jakarta Utara,KELAPA GADING,PEGANGSAAN DUA,"rw 02, 03, 04, 08, 09, 10, 11, 12, 19",9,9,182,0,0,0,0,182,3,0,0,20,70,2,44,"23, 25  februari"
Jakarta Utara,KOJA,TUGU SELATAN,"rw 01, 02, 03, 04, 05, 08, 10, 11, 18",9,12,192,0,0,0,0,138,1,0,0,10,80,2,22,"8, 23 februari"
Jakarta Utara,KOJA,TUGU UTARA,"rw 02, 03, 04, 10, 11",5,5,0,0,0,0,0,0,0,0,0,15,60,2,0,"8, 23  februari"
Jakarta Utara,KOJA,RAWA BADAK SELATAN,"rw 04, 08, 09, 11",4,4,0,0,0,0,0,0,0,0,0,10,30,2,0,"8, 23 februari"
Jakarta Utara,PENJARINGAN,KAPUK MUARA,rw 01,1,3,0,0,0,0,0,0,0,0,0,5,70,2,0,"20, 23 februari"
Jakarta Utara,PENJARINGAN,PEJAGALAN,"rw 02, 12, 13, 14, 15",5,46,250,0,0,0,0,150,4,0,0,5,60,4,50,"8, 23, 25, 28 februari"
Jakarta Utara,PENJARINGAN,PENJARINGAN,rw 17,1,1,0,0,0,0,0,80,1,0,0,20,60,2,0,"23, 25  februari"
Jakarta Utara,PENJARINGAN,PLUIT,"rw 01, 11,",2,13,0,0,0,0,0,0,0,0,0,10,80,4,0,"1,2,3,4,    februari"
Jakarta Utara,PADEMANGAN,ANCOL,"rw 02, 08, ",2,2,0,0,0,0,0,0,0,0,0,15,20,2,0,"2, 25 februari"
Jakarta Utara,PADEMANGAN,PADEMANGAN BARAT ,rw 10,1,1,0,0,0,0,0,0,0,0,0,10,30,1,0,8 februari
Jakarta Utara,PADEMANGAN,PADEMANGAN TIMUR,"rw 01, 02, 10",3,3,0,0,0,0,0,0,0,0,0,15,20,2,0,"8, 25 februari"
Jakarta Utara,CILIINCING,ROROTAN,"rw 01, 02, 03, 04, 05, 06, 07,08,  09, 12, 13 ",11,12,1150,0,0,0,0,1150,7,0,0,5,110,3,338,"8, 23, 25  februari"
Jakarta Utara,CILIINCING,SEMPER BARAT,"rw 01,02,04, 05, 06, 17",6,6,648,0,0,0,0,648,6,0,0,10,40,3,172,"8, 23, 25 februari"
Jakarta Utara,CILIINCING,SEMPER TIMUR,"rw 03, 10, 11",3,3,200,0,0,0,0,200,2,0,0,10,35,2,50,"8, 25  februari"
Jakarta Utara,CILIINCING,SUKAPURA,"rw 01, 02, 03, 04, 06, 07,08, 09, 10,12",10,18,566,0,0,0,0,566,6,0,0,10,100,3,175,"8, 23, 25  februari"
Jakarta Utara,CILIINCING,CILINCING,"rw 03, 06, 09",3,14,0,0,0,0,0,0,0,0,0,10,40,3,0,"8, 23, 25  februari"
Jakarta Utara,CILIINCING,MARUNDA,"rw 02, 04, 05, 07",4,6,417,0,0,0,0,417,6,0,0,5,60,4,230,"9, 23, 25, 28   februari"
Jakarta Barat,CENGKARENG,CENGKARENG BARAT,"rw 06, 09, 10, 11",4,6,0,0,0,0,0,0,0,0,0,10,50,4,0,"8, 16, 20, 25  februari"
Jakarta Barat,CENGKARENG,CENGKARENG TIMUR,"rw 03, 16, 12",3,9,0,0,0,0,0,0,0,0,0,40,70,3,0,"1, 8, 16  februari"
Jakarta Barat,CENGKARENG,DURI KOSAMBI,"rw 04, 06, 08, 11",4,7,0,0,0,0,0,115,2,0,0,10,40,5,0,"1, 8, 16, 20, 25  februari"
Jakarta Barat,CENGKARENG,KAPUK,"rw 01, 02, 03, 05, 06, 07, 12, 13, 15, 16",10,33,0,0,0,0,0,400,4,0,0,10,30,10,0,"1, 2,3, 4, 8, 16, 20, 22, 23, 25  februari"
Jakarta Barat,CENGKARENG,KEDAUNG KALI ANGKE,"rw 01, 02,03,  04, 05, 08, 09",7,18,0,0,0,0,0,115,1,0,0,10,50,5,0,"1, 16, 20, 22, 25  februari"
Jakarta Barat,CENGKARENG,RAWA BUAYA,"Rw 01, 02,03,  04, 06, 08,10,11, 12",9,24,0,0,0,0,0,50,1,0,0,10,50,5,0,"1, 8, 16, 20, 25 februari"
Jakarta Barat,GROGOL PETAMBURAN,JELAMBAR,"rw 04, 05, 07, ",3,5,0,0,0,0,0,0,0,0,0,5,20,1,0,2 februari
Jakarta Barat,GROGOL PETAMBURAN,TANJUNG DUREN UTARA,rw 02,1,1,0,0,0,0,0,0,0,0,0,30,50,1,0,25 februari
Jakarta Barat,GROGOL PETAMBURAN,TANJUNG DUREN SELATAN,"rw 01, 02",2,2,0,0,0,0,0,0,0,0,0,15,25,1,0,16 februari
Jakarta Barat,GROGOL PETAMBURAN,TOMANG,rw 15,1,1,0,0,0,0,0,0,0,0,0,30,50,1,0,25 februari
Jakarta Barat,KALIDERES,KALIDERES,"rw 08, 06, ",2,2,0,0,0,0,0,0,0,0,0,5,15,1,0,4 februari
Jakarta Barat,KALIDERES,KAMAL,"rw 01,  03",2,3,0,0,0,0,0,0,0,0,0,5,15,2,0,"20, 27  februari"
Jakarta Barat,KALIDERES,PEGADUNGAN,"rw 01, 03, 04, 05. 07",5,7,0,0,0,0,0,0,0,0,0,5,60,3,0,"4, 20, 25 februari"
Jakarta Barat,KALIDERES,SEMANAN,"rw 03,04,  07, 10",4,4,0,0,0,0,0,0,0,0,0,10,60,5,0,"1, 8, 20, 25, 27   februari"
Jakarta Barat,KALIDERES,TEGAL ALUR,"rw 01, 02, 03, 04, 05, 09, 11, 12, 13, 15",10,29,0,0,0,0,0,55,2,0,0,15,35,9,0,"1, 2, 3,4, 8, 16, 22, 25, 27   februari"
Jakarta Barat,KEBON JERUK,DURI KEPA,rw 14,1,1,0,0,0,0,0,0,0,0,0,10,30,1,0,25 februari
Jakarta Barat,KEBON JERUK,KEDOYA SELATAN,"rw 01,03,  05",3,6,0,0,0,0,0,0,0,0,0,15,50,3,0,"20, 23, 25   februari"
Jakarta Barat,KEBON JERUK,KEDOYA UTARA,"rw 08, ",1,5,0,0,0,0,0,0,0,0,0,20,50,2,0,"2, 23 februari"
Jakarta Barat,KEBON JERUK,SUKABUMI SELATAN,"rw 01, 02, ",2,3,0,0,0,0,0,0,0,0,0,10,80,2,0,"16, 25  februari"
Jakarta Barat,KEBON JERUK,KEBON JERUK,rw 01,1,1,0,0,0,0,0,0,0,0,0,10,30,1,0,25 februari
Jakarta Barat,KEMBANGAN,KEMBANGAN SELATAN,"Rw 01, 09",2,2,0,0,0,0,0,0,0,0,0,20,60,5,0,"1,2, 8, 22, 23  februari"
Jakarta Barat,KEMBANGAN,KEMBANGAN UTARA,"rw 01, 03, 04, 05,08,  10",6,12,0,0,0,0,0,65,3,0,0,30,80,4,0,"1, 8, 23, 25   februari"
Jakarta Barat,KEMBANGAN,SRENGSENG,"rw 02, 08",2,3,0,0,0,0,0,0,0,0,0,15,20,1,0,25 februari
Jakarta Barat,PALMERAH,JATI PULO,"rw 05,  09",2,5,0,0,0,0,0,0,0,0,0,10,40,2,0,"23, 25  februari"
Jakarta Barat,PALMERAH,KEMANGGISAN,rw 09,1,1,0,0,0,0,0,0,0,0,0,10,40,1,0,25 februari
Jakarta Barat,PALMERAH,KOTA BAMBU SELATAN,"rw 01, 02, 05",3,3,85,0,0,0,0,85,1,0,0,10,50,2,21,"23, 25  februari"
Jakarta Barat,PALMERAH,KOTA BAMBU UTARA,rw 02,1,1,0,0,0,0,0,0,0,0,0,10,40,1,0,25 februari
Jakarta Barat,TAMAN SARI,TANGKI,"rw 02, 07",2,18,0,1,0,0,0,0,0,0,0,30,40,1,0,25 februari
Jakarta Barat,TAMAN SARI,MANGGA BESAR,rw 01,1,1,0,0,0,0,0,0,0,0,0,30,40,1,0,25 februari
Jakarta Barat,TAMBORA,PEKOJAN,rw 12,1,1,0,0,0,0,0,0,0,0,0,30,50,1,0,25 februari
Jakarta Selatan,CILANDAK,CILANDAK BARAT,rw 02,1,1,0,0,0,0,0,0,0,0,0,50,80,1,0,25 februari
Jakarta Selatan,CILANDAK,CIPETE SELATAN,"rw 01, 07",2,2,0,0,0,0,0,0,0,0,0,20,40,2,0,"22, 23  februari"
Jakarta Selatan,CILANDAK,PONDOK LABU,rw 03,1,1,0,0,0,0,0,0,0,0,0,20,20,1,0,22 februari
Jakarta Selatan,JAGAKARSA,TANJUNG BARAT,"rw 05, ",1,2,0,0,0,0,0,0,0,0,0,10,100,3,0,"8, 20, 25 februari"
Jakarta Selatan,JAGAKARSA,CIPEDAK,rw 06,1,1,0,0,0,0,0,0,0,0,0,10,20,1,0,25 februari
Jakarta Selatan,KEBAYORAN BARU,KRAMAT PELA,"rw 08, 09",2,2,0,0,0,0,0,0,0,0,0,10,20,1,0,25 februari
Jakarta Selatan,KEBAYORAN BARU,PETOGOGAN,"rw 01, 02, 03, 07",4,4,0,0,0,0,0,0,0,0,0,10,35,3,0,"2, 8, 25 februari"
Jakarta Selatan,KEBAYORAN BARU,PULO,rw 03,1,1,0,0,0,0,0,0,0,0,0,10,20,1,0,25 februari
Jakarta Selatan,KEBAYORAN BARU,CIPETE UTARA,"rw 06, 10",2,2,0,0,0,0,0,0,0,0,0,10,20,1,0,25 februari
Jakarta Selatan,KEBAYORAN LAMA,CIPULIR,"rw 07, 10",2,2,0,0,0,0,0,0,0,0,0,100,100,1,0,25 februari
Jakarta Selatan,KEBAYORAN LAMA,KEBAYORAN LAMA SELATAN,rw 04,1,1,0,0,0,0,0,0,0,0,0,10,30,2,0,"20, 25  februari"
Jakarta Selatan,KEBAYORAN LAMA,PONDOK PINANG,"rw 01,  05, ",2,5,0,0,0,0,0,0,0,0,0,10,60,2,0,"20, 25  februari"
Jakarta Selatan,MAMPANG PRAPATAN,BANGKA,"rw 01, 06",2,2,0,0,0,0,0,0,0,0,0,10,30,2,0,"23, 25 februari"
Jakarta Selatan,MAMPANG PRAPATAN,KUNINGAN BARAT,"rw 04, 05",2,2,0,0,0,0,0,0,0,0,0,10,30,1,0,25 februari
Jakarta Selatan,MAMPANG PRAPATAN,MAMPANG PRAPATAN,"rw 05, ",1,3,0,0,0,0,0,0,0,0,0,120,120,1,0,23 februari
Jakarta Selatan,MAMPANG PRAPATAN,PELA MAMPANG,"rw 04, 06",2,2,0,0,0,0,0,0,0,0,0,10,30,2,0,"22, 25  februari"
Jakarta Selatan,PANCORAN,CIKOKO,"rw 01, 04",2,2,0,0,0,0,0,0,0,0,0,10,25,2,0,"8,23 februari"
Jakarta Selatan,PANCORAN,PENGADEGAN,"rw 01, 02, 07",3,3,121,0,0,0,0,121,1,0,0,50,150,5,32,"8, 20, 22, 23, 24  februari"
Jakarta Selatan,PANCORAN,RAWAJATI,"rw 01, 03, 06, 07",4,4,282,1,0,0,0,282,3,0,0,200,200,4,109,"8, 20, 22, 24  februari"
Jakarta Selatan,PANCORAN,DUREN TIGA,"rw 05, ",1,1,0,1,0,0,0,0,0,0,0,10,50,3,0,"22, 23, 25  februari"
Jakarta Selatan,PASAR MINGGU,JATI PADANG,rw 06,1,4,0,0,0,0,0,0,0,0,0,30,40,1,0,25 februari
Jakarta Selatan,PASAR MINGGU,KEBAGUSAN,"rw 06, 07",2,3,0,0,0,0,0,0,0,0,0,5,40,1,0,25 februari
Jakarta Selatan,PASAR MINGGU,PEJATEN TIMUR,"rw 03, 04, 05, 06, 07, 08, 09, 10, 11, 12 ",10,14,329,0,0,0,0,0,0,0,0,30,120,4,132,"8, 16, 20, 24 februari"
Jakarta Selatan,PASAR MINGGU,RAGUNAN,"rw 04, 09",2,2,0,0,0,0,0,0,0,0,0,25,50,2,0,"23, 25  februari"
Jakarta Selatan,PASAR MINGGU,PASAR MINGGU,rw 05,1,1,0,0,0,0,0,0,0,0,0,15,15,1,0,25 februari
Jakarta Selatan,PESANGGRAHAN,BINTARO,"rw 05, ",1,1,0,0,0,0,0,0,0,0,0,10,30,2,0,"20, 25 februari"
Jakarta Selatan,PESANGGRAHAN,PETUKANGAN SELATAN,"rw 01, 06",2,4,0,0,0,0,0,0,0,0,0,10,30,1,0,25 februari
Jakarta Selatan,SETIABUDI,GUNTUR,rw 06,1,1,0,0,0,0,0,0,0,0,0,40,40,1, ,23 februari
Jakarta Selatan,SETIABUDI,KARET SEMANGGI,rw 04,1,1,0,0,0,0,0,0,0,0,0,10,80,3,0,"22, 23, 25  februari"
Jakarta Selatan,SETIABUDI,PASAR MANGGIS,rw 05,1,1,0,0,0,0,0,0,0,0,0,40,40,1,0,23 februari
Jakarta Selatan,SETIABUDI,KARET,"rw 02, 07",2,2,0,0,0,0,0,0,0,0,0,20,30,1,0,23 februari
Jakarta Selatan,SETIABUDI,MENTENG ATAS,rw 07,1,1,0,0,0,0,0,0,0,0,0,20,20,1,0,23 februari
Jakarta Selatan,TEBET,MANGGARAI,"rw 01, 04, 05, 09, 10, 11",6,9,15,0,0,0,0,15,1,0,0,10,80,4,4,"8, 20 , 23,24 februari"
Jakarta Selatan,TEBET,MANGGARAI SELATAN,"rw 02, 05",2,2,0,0,0,0,0,0,0,0,0,20,30,1,0,23 februari
Jakarta Selatan,TEBET,BUKIT DURI,"rw 06, 08, 11, 12",4,4,0,0,0,0,0,0,0,0,0,10,100,2,0,"8,25 februari"
Jakarta Selatan,TEBET,KEBON BARU,"rw 01, 02, 04, 05, 06, 08, 10, 12 ",8,8,420,0,0,0,0,420,1,0,0,10,60,5,105,"8, 20, 23, 24, 25  februari"
Jakarta Selatan,TEBET,MENTENG DALAM,"rw 01, 08, 10, 11, ",4,6,0,0,0,0,0,0,0,0,0,10,130,1,0,23 februari
Jakarta Timur,CAKUNG,CAKUNG BARAT,"rw 03, 06,07,  08, 09",5,11,98,0,0,0,0,98,3,0,0,10,100,2,24,"8, 23 februari"
Jakarta Timur,CAKUNG,CAKUNG TIMUR,"rw 05,06, 07, 08, 09, 10, 12",7,23,630,0,0,0,0,193,5,0,0,5,100,4,275,"22, 23, 24, 27  februari"
Jakarta Timur,CAKUNG,PENGGILINGAN,"rw 03, 05, 08",3,5,0,0,0,0,0,0,0,0,0,10,50,4,0,"8, 16, 23, 25 februari"
Jakarta Timur,CAKUNG,RAWA TERATE,"rw 04, 05, 06",3,13,2564,0,0,0,0,471,3,0,0,30,250,8,641,"1,2,3,8, 20, 22,23, 25 februari"
Jakarta Timur,CAKUNG,JATINEGARA,"rw 02, 06, 08, 09, 11",5,6,0,0,0,0,0,0,0,0,0,10,60,3,0,"16,23, 25 februari"
Jakarta Timur,CAKUNG,PULO GEBANG,"rw 05, 08, 10, 14, 15 16",6,7,0,0,0,0,0,0,0,0,0,10,90,3,0,"16,23, 25 februari"
Jakarta Timur,CIPAYUNG,BAMBU APUS,"rw 02,  03, 05",3,5,0,0,0,0,0,0,0,0,0,20,50,2,0,"8, 25 februari"
Jakarta Timur,CIPAYUNG,CIPAYUNG,"rw 02, 04",2,2,0,0,0,0,0,0,0,0,0,10,35,2,0,"16, 25  februari"
Jakarta Timur,CIPAYUNG,LUBANG BUAYA,"rw 03, 04,09, 12",4,10,0,0,0,0,0,80,2,0,0,10,60,5,0,"8, 16, 23, 25, 28   februari"
Jakarta Timur,CIPAYUNG,SETU,rw 01,1,2,0,0,0,0,0,0,0,0,0,30,30,1,0,28 februari
Jakarta Timur,CIPAYUNG,CILANGKAP,"rw 03, 04, 06",3,7,0,0,0,0,0,0,0,0,0,15,40,2,0,"25, 28 februari"
Jakarta Timur,CIRACAS,CIBUBUR,"rw 02, 03, 05, 10, 12",5,14,0,0,0,0,0,0,0,0,0,10,100,2,0,"15, 25 februari"
Jakarta Timur,CIRACAS,KELAPA DUA WETAN,"rw 02, 08, 09, 011",4,7,0,0,0,0,0,0,0,0,0,5,40,1,0,25 februari
Jakarta Timur,CIRACAS,RAMBUTAN,"rw 01, 02, 03, 05, 06",5,18,2286,0,0,0,0,10,1,0,0,10,60,3,774,"16,23, 25 februari"
Jakarta Timur,CIRACAS,SUSUKAN,rw 05,1,4,0,0,0,0,0,0,0,0,0,30,40,1,0,23 februari
Jakarta Timur,DUREN SAWIT,KLENDER,"rw  07, 09, 11, 13, 16, 17, 18",7,7,0,0,0,0,0,0,0,0,0,10,80,3,0,"16, 23, 25   februari"
Jakarta Timur,DUREN SAWIT,MALAKA JAYA,"rw 01, 03, 04, 10, 12, 13",6,13,0,0,0,0,0,0,0,0,0,20,100,2,0,"23, 25  februari"
Jakarta Timur,DUREN SAWIT,PONDOK BAMBU,"rw 06, 01, 07, 05",4,7,130,0,0,0,0,0,0,0,0,20,70,1,50,23 februari
Jakarta Timur,DUREN SAWIT,PONDOK KELAPA,"rw 04, 06,08,  09, 10, 12, 13",7,16,2132,0,0,0,0,320,4,0,0,10,100,3,386,"8, 16, 25  februari"
Jakarta Timur,DUREN SAWIT,PONDOK KOPI,"rw 03, 04, 05, 06, 07, 10",6,32,0,0,0,0,0,0,0,0,0,10,60,2,0,"8, 25 februari"
Jakarta Timur,DUREN SAWIT,DUREN SAWIT,"rw 01, 05, 09, 10,13, 15,16,  17",8,9,0,0,0,0,0,0,0,0,0,10,50,3,0,"8, 16, 23  februari"
Jakarta Timur,DUREN SAWIT,MALAKA SARI,rw 09,1,1,0,0,0,0,0,0,0,0,0,30,70,1,0,25 februari
Jakarta Timur,JATINEGARA,BIDARA CINA,"rw 01, 02., 03, 05, 06,  07,08, 09,  10, 11, 12, 14, 15",13,23,3904,0,0,0,0,479,7,0,0,10,100,8,1185,"8, 15, 16 , 20, 22, 23, 24, 25  februari"
Jakarta Timur,JATINEGARA,CIPINANG BESAR UTARA,rw 13,1,1,0,0,0,0,0,0,0,0,0,10,20,1,0,25 februari
Jakarta Timur,JATINEGARA,CIPINANG MUARA,"rw  11, 13, 16",3,4,708,0,0,0,0,213,2,0,0,10,80,5,191,"8, 16, 23, 25, 28  februari"
Jakarta Timur,JATINEGARA,KAMPUNG MELAYU,"rw 03,04, 05,06, 07, 08",6,29,2185,0,0,0,0,858,5,0,0,10,150,6,392,"6, 8, 16,20, 23, 24  februari"
Jakarta Timur,JATINEGARA,RAWA BUNGA,"rw 02, 03, 04, 05, 06, ",5,6,0,0,0,0,0,0,0,0,0,10,70,3,0,"8, 23, 25  februari"
Jakarta Timur,JATINEGARA,CIPINANG CEMPEDAK,rw 03,1,1,0,0,0,0,0,0,0,0,0,50,50,1,0,23 februari
Jakarta Timur,KRAMAT JATI,BALE KAMBANG,"rw 01, 02, 05, ",3,8,244,0,0,0,0,230,3,0,0,20,100,3,60,"8, 20, 25  februari"
Jakarta Timur,KRAMAT JATI,BATU AMPAR,"rw 01,  03, 04, 05, 06",5,5,0,0,0,0,0,0,0,0,0,10,60,2,0,"23, 25  februari"
Jakarta Timur,KRAMAT JATI,CAWANG,"rw 01, 02, 03, 04, 05, 07, 08, 09, 10, 11, 12, ",11,30,0,1,0,0,0,58,2,0,0,10,150,8,0,"8, 15, 16, 20, 22,23, 24, 25  februari"
Jakarta Timur,KRAMAT JATI,CILILITAN,"rw 01, 05, 06, 07, 16",5,10,0,0,0,0,0,220,5,0,0,10,100,5,0,"8, 20, 23, 24, 25  februari"
Jakarta Timur,KRAMAT JATI,DUKUH,"rw 01,03,04,06",4,10,0,0,0,0,0,0,0,0,0,5,30,2,0,"23, 25  februari"
Jakarta Timur,KRAMAT JATI,TENGAH,"rw 01, 02, 03, 06, 07, 09",6,7,0,0,0,0,0,0,0,0,0,10,30,1,0,25 februari
Jakarta Timur,MAKASAR,CIPINANG MELAYU,"rw 02, 03, 04, 05, 06, 08, 10, 11,  12, 13",10,18,13450,0,0,0,0,2424,8,0,0,15,100,6,3762,"3, 8, 16, 23, 25, 28   februari"
Jakarta Timur,MAKASAR,HALIM PERDANA KUSUMA,"rw 05, 07, 08, 10",4,9,0,0,0,0,0,133,1,0,0,20,50,2,0,"23, 25  februari"
Jakarta Timur,MAKASAR,KEBON PALA,"rw 01, 02, 03, 04, 05, 06, 07, 08, 09, 11",10,12,0,0,0,0,0,1256,3,0,0,50,120,4,0,"8, 16, 23, 25 februari"
Jakarta Timur,MAKASAR,MAKASAR,"rw 04, 05, 06, 07",4,17,745,0,0,0,0,553,10,0,0,30,150,2,178,"23, 25  februari"
Jakarta Timur,MAKASAR,PINANG RANTI,"rw 04, 05",2,6,0,0,0,0,0,0,0,0,0,20,100,1,0,23 februari
Jakarta Timur,MATRAMAN,KEBON MANGGIS,"rw 03, rw 04",2,15,1157,0,0,0,0,400,5,0,0,20,60,2,323,"8, 25 februari"
Jakarta Timur,MATRAMAN,PISANGAN BARU,"rw 02, 03, 04, 08, 12, 13, 14",7,7,0,0,0,0,0,0,0,0,0,10,60,2,0,"23, 25 februari"
Jakarta Timur,MATRAMAN,UTAN KAYU SELATAN,"rw 03,  12",2,5,0,0,0,0,0,0,0,0,0,10,60,2,0,"23, 25 februari"
Jakarta Timur,MATRAMAN,UTAN KAYU UTARA,"rw 05, 08",2,2,0,0,0,0,0,0,0,0,0,10,60,2,0,"23, 25 februari"
Jakarta Timur,MATRAMAN,PAL MERIAM,"rw 01,  03",2,4,0,0,0,0,0,0,0,0,0,10,60,2,0,"23, 25  februari"
Jakarta Timur,PASAR REBO,PEKAYON,rw 07,1,1,0,0,0,0,0,0,0,0,0,10,25,1,0,16 februari
Jakarta Timur,PULOGADUNG,CIPINANG,rw 12,1,1,0,0,0,0,0,0,0,0,0,40,40,1,0,23 februari
Jakarta Timur,PULOGADUNG,JATI,"rw 01, 11",2,2,0,0,0,0,0,0,0,0,0,10,60,2,0,"8, 25 februari"
Jakarta Timur,PULOGADUNG,KAYU PUTIH,"rw 08, 09, 10, 11, 12, 13, 14, 15, 16",9,35,8103,0,0,0,0,975,4,0,0,10,100,3,2761,"8,23, 23  februari"
Jakarta Timur,PULOGADUNG,PISANGAN TIMUR,"rw 04, 06, 12, 15",4,4,0,0,0,0,0,0,0,0,0,50,100,2,0,"8, 23  februari"
Jakarta Timur,PULOGADUNG,PULOGADUNG,"rw 01, 02, 03,04, 05, 06, 08, 09",8,8,0,0,0,0,0,0,0,0,0,10,100,3,0,"8, 16, 23 februari"
Jakarta Timur,PULOGADUNG,RAWAMANGUN,"rw 01, 02",2,2,0,0,0,0,0,0,0,0,0,30,30,2,0,"23, 25 februari"
Jakarta Timur,PULOGADUNG,JATINEGARA KAUM,rw 05,1,2,0,0,0,0,0,0,0,0,0,40,40,2,0,"23, 25  februari"
Jakarta Utara,CILINCING,ROROTAN,rw 04,1,1,0,0,0,0,0,0,0,0,0,30,30,1,0,1 maret
Jakarta Utara,PENJARINGAN,KAPUK MUARA,rw 01,1,1,0,0,0,0,0,0,0,0,0,10,10,2,0,"2, 18 maret"
Jakarta Barat,KEMBANGAN,KEMBANGAN SELATAN,"rw 01, 04, 09",3,6,0,0,0,0,0,0,0,0,0,20,40,3,0,"1, 2, 20 maret"
Jakarta Barat,KEMBANGAN,KEMBANGAN UTARA,rw 01,1,1,0,0,0,0,0,0,0,0,0,15,25,1,0,1 maret
Jakarta Barat,KEBON JERUK,KEDOYA SELATAN,"rw 03, 05",2,4,0,0,0,0,0,0,0,0,0,10,30,2,0,"2, 20 maret"
Jakarta Barat,CENGKARENG,RAWA BUAYA,"rw 01, 02, 03, 08, 10",5,13,0,0,0,0,0,0,0,0,0,10,50,1,0,22 maret
Jakarta Barat,CENGKARENG,CENGKARENG BARAT,"rw 03, 04, 06, 08, 10",5,12,0,0,0,0,0,0,0,0,0,5,30,1,0,22 maret
Jakarta Barat,KALIDERES,KALIDERES,rw 03,1,1,0,0,0,0,0,0,0,0,0,15,15,1,0,22 maret
Jakarta Barat,KALIDERES,SEMANAN,"rw 01, 03, 04, 10",4,11,0,0,0,0,0,0,0,0,0,5,30,1,0,22 maret
Jakarta Barat,PALMERAH,KOTA BAMBU UTARA,rw 04,1,1,0,0,0,0,0,0,0,0,0,10,10,1,0,22 maret
Jakarta Barat,PALMERAH,PALMERAH,rw 14,1,1,0,0,0,0,0,0,0,0,0,20,20,1,0,22 maret
Jakarta Selatan,PASAR MINGGU,PEJATEN TIMUR,"rw 05, 06, 07, 08, 10",5,10,517,0,0,0,0,0,0,0,0,10,160,6,170,"1, 2, 16, 25, 26, 27 maret"
Jakarta Selatan,PASAR MINGGU,CILANDAK TIMUR,"rw 03, 13",2,3,0,0,0,0,0,0,0,0,0,55,100,1,0,16 maret
Jakarta Selatan,PANCORAN,PENGADEGAN,rw 01,1,1,0,0,0,0,0,0,0,0,0,90,90,2,0,"1, 28 maret"
Jakarta Selatan,PANCORAN,RAWAJATI,rw 07,1,3,0,0,0,0,0,0,0,0,0,10,40,2,0,"1, 27 maret"
Jakarta Selatan,PANCORAN,DUREN TIGA,rw 05,1,1,0,0,0,0,0,0,0,0,0,60,60,1,0,20 maret
Jakarta Selatan,TEBET,KEBON BARU,"rw 05, 06, 10",3,3,0,0,0,0,0,0,0,0,0,5,60,3,0,"1, 16, 20 maret"
Jakarta Selatan,TEBET,BUKIT DURI,rw 12,1,1,0,0,0,0,0,0,0,0,0,80,80,1,0,1 maret
Jakarta Selatan,KEBAYORAN LAMA,CIPULIR,rw 10,1,2,0,0,0,0,0,0,0,0,0,20,100,4,0,"2, 16, 18, 20 maret"
Jakarta Selatan,KEBAYORAN LAMA,PONDOK PINANG,"rw 01, 05, 08",3,7,0,0,0,0,0,0,0,0,0,10,115,5,0,"2, 16, 17, 20, 28 maret"
Jakarta Selatan,PESANGGRAHAN,BINTARO,"rw 05, 11, 10, 14",4,5,0,0,0,0,0,0,0,0,0,10,60,3,0,"2, 16, 20 maret"
Jakarta Selatan,CILANDAK,LEBAK BULUS,rw 08,1,1,0,0,0,0,0,0,0,0,0,70,70,1,0,16 maret
Jakarta Selatan,CILANDAK,CIPETE SELATAN,rw 07,1,1,0,0,0,0,0,0,0,0,0,15,15,1,0,16 maret
Jakarta Selatan,CILANDAK,PONDOK LABU,"rw 01, 03, 07, 10",4,7,0,0,0,0,0,0,0,0,0,10,50,1,0,16 maret
Jakarta Selatan,MAMPANG PRAPATAN,BANGKA,"rw 02, 03, 04",3,4,0,0,0,0,0,0,0,0,0,20,40,1,0,16 maret
Jakarta Selatan,MAMPANG PRAPATAN,KUNINGAN BARAT,rw 05,1,3,0,0,0,0,0,0,0,0,0,40,40,1,0,16 maret
Jakarta Selatan,JAGAKARSA,CIPEDAK,rw 04,1,1,0,0,0,0,0,0,0,0,0,70,70,1,0,16 maret
Jakarta Selatan,SETIABUDI,MENTENG ATAS,"rw 07, 08, 09, 14, 15",5,5,0,0,0,0,0,0,0,0,0,10,60,1,0,20 maret
Jakarta Timur,JATINEGARA,CIPINANG MUARA,rw 13,1,2,456,0,0,0,0,65,1,0,0,5,50,3,118,"1, 2, 16 maret "
Jakarta Timur,JATINEGARA,KAMPUNG MELAYU,"rw 04, 05, 07, 08",4,25,1068,0,0,0,0,186,3,0,0,20,110,10,326,"1, 2, 16, 18, 23, 25, 26, 27, 28, 30 maret "
Jakarta Timur,JATINEGARA,BIDARA CINA,"rw 05, 06, 07, 10, 11",5,12,4838,0,0,0,0,26,3,0,0,20,140,8,1711,"1, 2, 16, 18, 25, 26, 27, 30 maret "
Jakarta Timur,KRAMAT JATI,CAWANG,"rw 01, 02, 03, 05, 08, 12",6,15,0,0,0,0,0,0,0,0,0,10,115,9,0,"1, 2, 16, 23, 25, 26, 27, 28, 30 maret"
Jakarta Timur,KRAMAT JATI,CILILITAN,"rw 06, 07",2,6,43,0,0,0,0,0,0,0,0,5,100,4,10,"1, 16, 25, 28 maret"
Jakarta Timur,KRAMAT JATI,TENGAH,rw 05,1,1,0,0,0,0,0,0,0,0,0,70,70,1,0,16 maret
Jakarta Timur,CIPAYUNG,LUBANG BUAYA,rw 12,1,1,0,0,0,0,0,0,0,0,0,20,20,1,0,1 maret
Jakarta Timur,CIPAYUNG,PONDOK RANGGON,rw 01,1,1,10,0,0,0,0,10,1,0,0,20,80,1,4,1 maret
Jakarta Timur,CIPAYUNG,CILANGKAP,"rw 03, 04, 05, 06",4,5,0,0,0,0,0,0,0,0,0,10,40,1,0,16 maret
Jakarta Timur,CAKUNG,CAKUNG TIMUR,"rw 01, 05, 06, 09, 10, 12",6,13,207,0,0,0,0,39,2,0,0,10,60,2,114,"1, 2 maret"
Jakarta Timur,CIRACAS,CIBUBUR,rw 03,1,2,100,0,0,0,0,16,1,0,0,20,100,1,40,1 maret
Jakarta Timur,CIRACAS,CIRACAS,rw 03,1,1,0,0,0,0,0,0,0,0,0,30,40,1,0,2 maret
Jakarta Timur,PASAR REBO,PEKAYON,rw 07,1,1,0,0,0,0,0,0,0,0,0,20,100,1,0,1 maret
Jakarta Timur,PASAR REBO,KALISARI,rw 10,1,1,0,0,0,0,0,0,0,0,0,70,70,1,0,16 maret
Jakarta Timur,MAKASAR,CIPINANG MELAYU,"rw 03, 04",2,11,1598,0,0,0,0,96,2,0,0,10,100,2,364,"1, 16 maret"
Jakarta Timur,MAKASAR,PINANG RANTI,rw 04,1,2,0,0,0,0,0,0,0,0,0,10,15,1,0,16 maret
Jakarta Timur,MAKASAR,MAKASAR,"rw 05, 07",2,5,850,0,0,0,0,15,1,0,0,10,20,1,200,16 maret
Jakarta Timur,DUREN SAWIT,PONDOK BAMBU,rw 04,1,2,0,0,0,0,0,0,0,0,0,10,30,1,0,2 maret
